,htid,title,author,title_htrc,date,pub_date_htrc
0,nyp.33433076024060,The secret of the crater,"Osborne, Duffield,",,1900,
1,inu.30000042750632,A woman of Mars,"Ling, M. A. Moore Bentley",,1901,
2,njp.32101021206436,The first men in the moon,"Wells, H. G.",,1901,
3,nyp.33433074954656,Welsh rarebit tales,"Owen, Harle Oren.",,1902,
4,mdp.39015059642994,Strange case of Dr. Jekyl,"Stevenson, Robert Louis,",,1903,
5,nyp.33433074850870,The Princess Thora,"Harris-Burland, J. B.",,1904,
6,uc1.32106001959946,The food of the gods and,"Wells, H. G.",,1904,
7,nyp.33433074850961,The mortgage on the brain,"Harper, Vincent.",,1905,
8,njp.32101013621246,A crystal age,"Hudson, W. H.",,1906,
9,dul1.ark:/13960/t1qf9cr59,A time of terror,"Ford, Douglas Morey.",,1906,
10,uc2.ark:/13960/t10p0xs0f,The woman who vowed,"Harding, Ellison.",,1908,
11,nyp.33433075746895,A Columbus of space,"Serviss, Garrett Putman,",,1911,
12,coo.31924051019580,The lost world,"Doyle, Arthur Conan,",,1912,
13,mdp.39015031332862,Goslings,"Beresford, J. D.",,1913,
14,mdp.39015001553547,The scarlet plague,"London, Jack,",,1915,
15,uc2.ark:/13960/t2794143s,A princess of Mars,"Burroughs, Edgar Rice,",,1917,
16,nyp.33433075746812,The people of the ruins,"Shanks, Edward,",,1920,
17,mdp.39015004705862,Voyage To Arcturus,"Lindsay, David,","A voyage to Arcturus/Lindsay, David,",1920,1963
18,uc1.32106014383464,The mucker,"Burroughs, Edgar Rice,","Return of the mucker/Burroughs, Edgar Rice,",1921,1916
19,hvd.32044021192513,The chessmen of Mars,"Burroughs, Edgar Rice,","Chessmen of Mars/Burroughs, Edgar Rice,",1922,1922
20,dul1.ark:/13960/t16m3xm4f,Theodore savage,"Hamilton, Cicely,",,1922,
21,uc1.$b245181,Men like gods,"Wells, H. G.","Men like gods;/(Herbert George), Wells, H. G.",1923,1923
22,mdp.39015056433405,Pellucidar,"Burroughs, Edgar Rice,","Pellucidar/Burroughs, Edgar Rice,",1923,2002
23,None,The moon men,"Burroughs, Edgar Rice,",,1925,
24,mdp.39015063544467,Out of the silence,"Cox, Erle,","Out of the silence/Cox, Erle.",1928,1928
25,mdp.39015063975976,The island of Captain Spa,"Wright, S. Fowler,",,1928,
26,None,The master mind of Mars,"Burroughs, Edgar Rice,","Three Martian novels: Thuvia, maid of Mars. The chessmen of Mars. The master mind of Mars/Burroughs, Edgar Rice,",1928,1962
27,None,Tanar of Pellucidar,"Burroughs, Edgar Rice,",,1929,
28,iau.31858007043304,The monster men,"Burroughs, Edgar Rice,",,1929,
29,None,The planet of peril,"Kline, Otis Adelbert,",,1929,
30,uc1.$b63768,The purple cloud,"Shiel, M. P.","The purple cloud/(Matthew Phipps), Shiel, M. P.",1929,1946
31,mdp.39015069253121,Last and first men,"Stapledon, Olaf,","Last and first men/Stapledon, Olaf,",1930,1934
32,None,Maza of the moon,"Kline, Otis Adelbert,",,1930,
33,None,Tarzan at the earth's cor,"Burroughs, Edgar Rice,",,1930,
34,None,The prince of peril,"Kline, Otis Adelbert,",,1930,
35,uc1.32106002143938,Black no more,"Schuyler, George S.","Black no more;/ (George Samuel), Schuyler, George S. ",1931,1931
36,None,Brigands of the moon,"Cummings, Ray,",,1931,
37,None,Face in the abyss,"Merritt, Abraham,",,1931,
38,None,Murder madness,"Leinster, Murray,",,1931,
39,mdp.39015047532851,The night life of the god,"Smith, Thorne,","The night life of the gods/Smith, Thorne,",1931,2000
40,pst.000027847633,Brave new world,"Huxley, Aldous,","Brave new world/Huxley, Aldous,",1932,1932
41,inu.39000002841497,Last men in London,"Stapledon, Olaf,","Last men in London/Stapledon, Olaf,",1932,1963
42,mdp.39015003665430,It can't happen here,"Lewis, Sinclair,","It can't happen here;/Lewis, Sinclair,",1935,1935
43,uc1.$b105995,Star-begotten,"Wells, H. G.","Star-begotten;/(Herbert George), Wells, H. G.",1937,1937
44,uc1.$b57112,Zero to eighty,"Pseudoman, Akkad,",,1937,
45,uc1.b3184615,Carson of Venus,"Burroughs, Edgar Rice","Carson of Venus/Burroughs, Edgar Rice,",1938,
46,mdp.39015019230302,Galactic Patrol,"Smith, E. E.","Galactic patrol/Smith, E. E. (Edward Elmer),",1938,1982
47,uc1.$b604952,Out of the Silent Planet,"Lewis, C. S.","Out of the silent planet/Lewis, C. S. (Clive Staples),",1938,1943
48,osu.32435059969030,The Legion of Time,"Williamson, Jack","The legion of time/Williamson, Jack,",1938,1963
49,mdp.39015008521117,The Sword in the Stone,"White, T. H.","The sword in the stone/(Terence Hanbury), White, T. H.",1938,1939
50,None,The adventure of Wyndham,"Wright, S. Fowler,",,1938,
51,uc1.b4089313,The doomsday men,"Priestley, J. B.","The doomsday men;/(John Boynton), Priestley, J. B.",1938,1938
52,None,The lad and the lion,"Burroughs, Edgar Rice,",,1938,
53,mdp.39015019147258,Gray Lensman,"Smith, E. E.","Gray Lensman/Smith, E. E. (Edward Elmer),",1940,1983
54,uc1.32106002254784,Kallocain,"Boye, Karin","Kallocain/Boye, Karin,",1940,1966
55,mdp.39076005052605,The Ill-Made Knight,"White, T. H.","The ill-made knight/(Terence Hanbury), White, T. H.",1940,1940
56,mdp.39015002143181,The Reign of Wizardry,"Williamson, Jack","The reign of wizardry/Williamson, Jack,",1940,1979
57,uc1.b4422553,The metal monster,"Merritt, Abraham,","The metal monster/Merritt, Abraham,",1941,1974
58,mdp.39015013291235,Beyond This Horizon,"Heinlein, Robert A.","Beyond this horizon/Heinlein, Robert A. (Robert Anson),",1942,1948
59,None,Burn: witch: burn!,"Merritt, Abraham,","The effect of environmental factors, including wildfire and prescribed burning on the regeneration of oaks in Indiana/Merritt, Clair,",1942,1991
60,uc1.32106002015425,Darkness and the light,"Stapledon, Olaf,","Darkness and the light/Stapledon, Olaf,",1942,1974
61,None,Donovan's Brain,"Siodmak, Curt",,1942,
62,coo.31924014518355,Islandia,"Wright, Austin Tappan","Islandia/Wright, Austin Tappan,",1942,1942
63,,Second Stage Lensmen,"Smith, E. E.",,1942,
64,mdp.39015018621212,The Uninvited,"Macardle, Dorothy","The uninvited/Macardle, Dorothy,",1942,1942
65,osu.32435059733857,Conjure Wife,"Leiber, Fritz","Conjure wife/Leiber, Fritz,",1943,1953
66,mdp.39015002131400,Das Glasperlenspiel (The Glass Bead Game),"Hesse, Hermann",,1943,
67,mdp.39015013946481,Earth's Last Citadel,"Moore, C. L., Kuttner, Henry","Earth's last citadel/Moore, C. L. (Catherine Lucile),",1943,1977
68,mdp.39015014137973,"Gather, Darkness!","Leiber, Fritz","Gather, darkness!/Leiber, Fritz,",1943,1968
69,mdp.39015002384652,Perelandra,"Lewis, C. S.","Perelandra/Lewis, C. S. (Clive Staples),",1943,1944
70,mdp.39015017656870,The Weapon Makers,van Vogt A. E.,"The weapon makers/Van Vogt, A. E. (Alfred Elton),",1943,1979
71,mdp.39015068829962,Land of terror,"Burroughs, Edgar Rice,","Land of terror/Burroughs, Edgar Rice,",1944,2007
72,,Destiny Times Three,"Leiber, Fritz",,1945,
73,None,Red Sun of Danger (also known as Danger Planet),"Hamilton, Edmond",,1945,
74,mdp.39015002384827,That hideous strength,"Lewis, C. S.","Hideous strength/Lewis, C. S. (Clive Staples),",1945,1946
75,,The Mule,"Asimov, Isaac",,1945,
76,mdp.39015001771503,The World of Null-A,van Vogt A. E.,"The world of Null-A/Van Vogt, A. E. (Alfred Elton),",1945,1977
77,mdp.39015000605298,Anthem,"Rand, Ayn,","Anthem/Rand, Ayn.",1946,1953
78,mdp.39015012826536,Slan,"Van Vogt, A. E. 1912-  (A","Slan/Van Vogt, A. E. (Alfred Elton),",1946,1975
79,None,The green man,"Sherman, Harold M.",,1946,
80,mdp.39015056438271,The shadow girl,"Cummings, Ray,","The shadow girl/Cummings, Ray",1946,1962
81,osu.32435057545741,The solar invasion,"Wellman, Manly Wade,","The solar invasion/Wellman, Manly Wade,",1946,1946
82,,The time stream,"Taine, John,",,1946,
83,mdp.39015005690295,Rocket ship Galileo,"Heinlein, Robert A.","Rocket ship Galileo;/Heinlein, Robert A. (Robert Anson),",1947,1947
84,None,The forbidden garden,"Taine, John,",,1947,
85,mdp.39015066688246,Darker than you think,"Williamson, Jack,","Darker than you think/Williamson, Jack,",1948,1975
86,mdp.39015050618357,Skylark three,"Smith, E. E.","Skylark three/Smith, E. E. (Edward Elmer),",1948,1975
87,,Two stories by Derleth,"Derleth, August,",,1948,
88,mdp.39015034651441,Nineteen eighty-four,"Orwell, George,","Nineteen eighty-four/Orwell, George,",1949,1949
89,None,Seven out of time,"Zagat, Arthur Leo,",,1949,
90,mdp.39015009199327,Earth Abides,"Stewart, George R.",,1949,1949
91,None,The Amphibians,"Wright, S. Fowler,","Field note-book of fishes, amphibians, reptiles and mammals, by A.H. Wright and A.A. Allen/Wright, Albert Hazen,",1949,1913
92,uc1.b4948645,A man divided,"Stapledon, Olaf,","Olaf Stapledon, a man divided/Fiedler, Leslie A.",1950,1983
93,mdp.39015027254021,Farmer in the Sky,"Heinlein, Robert A.","Farmer in the sky/Heinlein, Robert A. (Robert Anson),",1950,1975
94,mdp.39015019230310,First Lensman,"Smith, E. E.","First Lensman/Smith, E. E. (Edward Elmer),",1950,1983
95,mdp.39015046370600,I: robot,"Asimov, Isaac,","The collected fiction of Isaac Asimov/Asimov, Isaac,",1950,1979
96,mdp.39015049634820,Pebble in the Sky,"Asimov, Isaac","Pebble in the sky/Asimov, Isaac,",1950,1968
97,mdp.39015008828157,The Dying Earth,"Vance, Jack","The dying earth/Vance, Jack,",1950,1950
98,pst.000028266402,"The Lion, the Witch and the Wardrobe","Lewis, C. S.","The lion, the witch, and the wardrobe/(Clive Staples), Lewis, C. S.",1950,1950
99,osu.32435059312066,The house that stood stil,"Van Vogt, A. E. 1912-2000",,1950,
100,,Worlds within,"Phillips, Rog,",,1950,
101,inu.30000011367970,Foundation,"Asimov, Isaac,","Second foundation/Asimov, Isaac,",1951,1953
102,mdp.39015005003440,The disappearance,"Wylie, Philip,","The disappearance/Wylie, Philip,",1951,1951
103,,The house of many worlds,"Merwin, Sam,",,1951,
104,,Wine of the dreamers,"MacDonald, John D.",,1951,
105,mdp.49015001037275,Foundation and empire,"Asimov, Isaac,","Foundation and empire/Asimov, Isaac,",1952,1952
106,mdp.39015066050850,Player piano,"Vonnegut, Kurt,","Player piano/Vonnegut, Kurt.",1952,1952
107,,Son of the stars,"Jones, Raymond F.",,1952,
108,mdp.39015012120492,The Demolished Man,"Bester, Alfred","The demolished man/Bester, Alfred.",1952,1953
109,mdp.39015066110555,Childhood's End,"Clarke, Arthur C.","Childhood's end/Clarke, Arthur C. (Arthur Charles),",1953,1953
110,mdp.39015046337054,Fahrenheit 451,"Bradbury, Ray,","Fahrenheit 451;/Bradbury, Ray,",1953,1953
111,pst.000061659452,Mission of Gravity,"Clement, Hal","Mission of gravity/Clement, Hal,",1953,1978
112,mdp.39015014506805,More Than Human,"Sturgeon, Theodore","More than human/Sturgeon, Theodore.",1953,1953
113,None,Mystery of the third mine,"Lowndes, Robert W,",,1953,
114,inu.30000011367970,Second foundation,"Asimov, Isaac,","Second foundation/Asimov, Isaac,",1953,1953
115,,The Caves of Steel,"Asimov, Isaac",,1953,
116,uc1.b3184251,The lights in the sky are,"Brown, Fredric,","The Lights in the sky are stars/Brown, Fredric,",1953,
117,,West of the sun,"Pangborn, Edgar,",,1953,
118,,I am legend,"Matheson, Richard,",,1954,
119,,Step to the stars,"Del Rey, Lester,",,1954,
120,mdp.39015010749433,The star beast,"Heinlein, Robert A.","The star beast/Heinlein, Robert A. (Robert Anson),",1954,1977
121,uc1.b3462013,They'd Rather Be Right (also known as The Forever Machine),"Clifton, Mark, Riley, Frank",,1954,
122,,Call Him Dead (also known as Three to Conquer),"Russell, Eric Frank",,1955,
123,mdp.39015000626039,Not This August,"Kornbluth, Cyril M.","Not this August/Kornbluth, C. M. (Cyril M.),",1955,1955
124,mdp.39015002288762,The End of Eternity,"Asimov, Isaac","The end of eternity/Asimov, Isaac,",1955,1955
125,uc1.b3861627,The Long Tomorrow,"Brackett, Leigh","The long tomorrow/Brackett, Leigh.",1955,1974
126,mdp.39015062108892,Double star,"Heinlein, Robert A.","Double star/Heinlein, Robert A. (Robert Anson),",1956,1978
127,,Mission to the moon,"Del Rey, Lester,",,1956,
128,,Doomsday morning,"Moore, C. L.",,1957,
129,pst.000068121075,Eye in the sky,"Dick, Philip K,","Eye in the sky/Dick, Philip K.",1957,1971
130,uc1.32106014483108,The Big Time,"Leiber, Fritz","The big time/Leiber, Fritz,",1957,19uu
131,inu.32000009540750,The black cloud,"Hoyle, Fred,","The black cloud/Sir. Hoyle, Fred,",1957,1957
132,uc1.32106012870439,A Case of Conscience,"Blish, James","A case of conscience/Blish, James",1958,1958
133,mdp.39015035342586,Have Space Suit  Will Travel,"Heinlein, Robert A.","Have space suit--will travel/(Robert Anson), Heinlein, Robert A.",1958,1958
134,,"Time Killer (also known as Immortality, Inc.)","Sheckley, Robert",,1958,
135,None,We Have Fed Our Sea (also known as The Enemy Stars),"Anderson, Poul",,1958,
136,osu.32435053307344,Who?,"Budrys, Algis","False night/Budrys, Algis,",1958,1954
137,,Dorsai! (also known as The Genetic General),"Dickson, Gordon R.",,1959,
138,,Not in solitude,"Gantz, Kenneth Franklin,",,1959,
139,mdp.39015038922574,Starship troopers,"Heinlein, Robert A.","Starship troopers/Heinlein, Robert A. (Robert Anson),",1959,1983
140,,That Sweet Little Old Lady (also known as Brain Twister),"Phillips, Mark",,1959,
141,,The Pirates of Ersatz (also known as The Pirates of Zan),"Leinster, Murray",,1959,
142,pst.000029136407,The Sirens of Titan,"Vonnegut, Kurt","The sirens of Titan/Vonnegut, Kurt.",1959,1959
143,pst.000013669980,A Canticle for Leibowitz,"Miller, Walter M.",,1960,
144,mdp.49015000617523,Deathworld,"Harrison, Harry","The Deathworld trilogy/Harrison, Harry.",1960,1987
145,mdp.39015007036448,Rogue Moon,"Budrys, Algis","Rogue Moon/Budrys, Algis,",1960,1960
146,,Store of infinity,"Sheckley, Robert,",,1960,
147,umn.319510023976924,The High Crusade,"Anderson, Poul",,1960,
148,mdp.39015014854346,Venus Plus X,"Sturgeon, Theodore","Venus plus X/Sturgeon, Theodore.",1960,1960
149,,Dark universe,"Galouye, Daniel F,",,1961,
150,,Planet of the Damned (also known as Sense of Obligation),"Harrison, Harry",,1961,
151,,Second Ending,"White, James",,1961,
152,mdp.39015003922005,Stranger in a Strange Land,"Heinlein, Robert A.","Stranger in a strange land/Heinlein, Robert A. (Robert Anson),",1961,1961
153,,The Fisherman (also known as Time is the Simplest Thing),"Simak, Clifford D.",,1961,
154,mdp.39015020680461,A Fall of Moondust,"Clarke, Arthur C.","A fall of moondust/Clarke, Arthur C. (Arthur Charles),",1962,1961
155,pst.000027212882,A wrinkle in time,"L'Engle, Madeleine,","A wrinkle in time/L'Engle, Madeleine.",1962,1967
156,coo.31924001398258,Island,"Huxley, Aldous,","Island/Huxley, Aldous,",1962,1972
157,osu.32435055416200,Little Fuzzy,"Piper, H. Beam","Little Fuzzy/Piper, H. Beam.",1962,1962
158,mdp.39015005906592,Something wicked this way,"Bradbury, Ray,","Something wicked this way comes/Bradbury, Ray,",1962,1963
159,,Sylva,"Bruller, Jean",,1962,
160,mdp.39015020677434,The Man in the High Castle,"Dick, Philip K.","The man in the high castle/Dick, Philip K.",1962,1975
161,mdp.39015002691262,The Sword of Aldones,"Bradley, Marion Zimmer","The sword of Aldones/Bradley, Marion Zimmer.",1962,1977
162,,Unwise child,"Garrett, Randall,",,1962,
163,,When they come from space,"Clifton, Mark,",,1962,
164,mdp.49015002517150,Cat's Cradle,"Vonnegut, Kurt,","Cat's cradle/Vonnegut, Kurt.",1963,1988
165,None,Dune World,"Herbert, Frank",,1963,
166,mdp.39015049645875,Glory Road,"Heinlein, Robert A.","Glory road;/(Robert Anson), Heinlein, Robert A.",1963,1963
167,,Here Gather the Stars (also known as Way Station),"Simak, Clifford D.",,1963,
168,inu.39000000059332,Witch World,"Norton, Andre","Witch world/Norton, Andre.",1963,1963
169,,Close to critical,"Clement, Hal,",,1964,
170,mdp.39015014695517,Davy,"Pangborn, Edgar","Davy/Pangborn, Edgar,",1964,1975
171,,Nova Express,"Burroughs, William S.",,1964,
172,,The Planet Buyer (also known as The Boy Who Bought Old Earth),"Smith, Cordwainer",,1964,
173,mdp.39015003899278,The Wanderer,"Leiber, Fritz","The wanderer/Leiber, Fritz,",1964,1964
174,uc1.b3472503,The Whole Man,"Brunner, John","The whole man/Brunner, John,",1964,1969
175,,...And Call Me Conrad (also known as This Immortal),"Zelazny, Roger",,1965,
176,inu.30000092695174,A Plague of Demons,"Laumer, Keith","A plague of demons and other stories/Laumer, Keith,",1965,2003
177,,All Flesh is Grass,"Simak, Clifford D.",,1965,
178,,Code three,"Raphael, Rick,",,1965,
179,,"Dr. Bloodmoney, or How We Got Along After the Bomb","Dick, Philip K.",,1965,
180,inu.30000000989198,Dune,"Herbert, Frank","The notebooks of Frank Herbert's Dune/Herbert, Frank.",1965,1988
181,,Rogue Dragon,"Davidson, Avram",,1965,
182,mdp.39015014859287,Skylark DuQuesne,"Smith, Edward E.","Skylark DuQuesne/Smith, E. E. (Edward Elmer),",1965,1970
183,uc1.c2934177,The Clone,"Thomas, Theodore L., Wilhelm, Kate","Constructions in clone theory/Tschantz, Steven Thomas.",1965,1983
184,,The Escape Orbit,"White, James",,1965,
185,mdp.39015004030758,The Genocides,"Disch, Thomas M.","The genocides/Disch, Thomas M.",1965,1978
186,None,The Ship That Sailed the Time Stream,"Edmondson, G. C.",,1965,
187,mdp.39015016450234,The Squares of the City,"Brunner, John","The squares of the city/Brunner, John,",1965,1965
188,uc1.b4381195,The Star Fox,"Anderson, Poul","The star fox/Anderson, Poul,",1965,1965
189,mdp.39015066408991,The Three Stigmata of Palmer Eldritch,"Dick, Philip K.","The three stigmata of Palmer Eldritch/Dick, Philip K.",1965,1979
190,mdp.39015005320745,Babel-17,"Delany, Samuel R,","Babel-17/Delany, Samuel R.",1966,1976
191,,Day of the Minotaur,"Swann, Thomas Burnett",,1966,
192,mdp.39015024077193,Fantastic voyage,"Asimov, Isaac,","Fantastic voyage;/Asimov, Isaac,",1966,1966
193,mdp.39015000670789,Flowers for Algernon,"Keyes, Daniel","Flowers for Algernon/Keyes, Daniel.",1966,1966
194,,Now wait for last year,"Dick, Philip K,",,1966,
195,mdp.39015010450529,The Moon Is a Harsh Mistress,"Heinlein, Robert A.","The moon is a harsh mistress/Heinlein, Robert A. (Robert Anson),",1966,1968
196,mdp.39015008918743,The eyes of Heisenberg,"Herbert, Frank,","The eyes of Heisenberg/Herbert, Frank.",1966,1970
197,,The witches of Karres,"Schmitz, James H.",,1966,
198,mdp.39015012178250,This immortal,"Zelazny, Roger,","This immortal/Zelazny, Roger.",1966,1966
199,,Too Many Magicians,"Garrett, Randall",,1966,
200,,Chthon,"Anthony, Piers",,1967,
201,mdp.39015008978879,Lord of Light,"Zelazny, Roger","Lord of light/Zelazny, Roger.",1967,1967
202,,The Butterfly Kid,"Anderson, Chester",,1967,
203,uc1.b3862883,The Einstein Intersection,"Delany, Samuel R.","The Einstein intersection/Delany, Samuel R.",1967,1967
204,mdp.39015057013735,The Eskimo Invasion,"Howard, Hayden","The eskimo invasion/Howard, Hayden.",1967,1967
205,mdp.39015010537812,Thorns,"Silverberg, Robert","Thorns/Silverberg, Robert.",1967,1969
206,None,Black Easter,"Blish, James",,1968,
207,mdp.39015038166594,Do Androids Dream of Electric Sheep?,"Dick, Philip K.","Do androids dream of electric sheep?/Dick, Philip K.",1968,1996
208,mdp.39015014448818,Nova,"Delany, Samuel R.","Nova/Delany, Samuel R.",1968,1969
209,mdp.39015017666408,Past Master,"Lafferty, R. A.","Past master/Lafferty, R. A.",1968,1968
210,mdp.39015073378179,Picnic on Paradise,"Russ, Joanna","Picnic on paradise/Russ, Joanna,",1968,1968
211,mdp.39015043511941,Rite of Passage,"Panshin, Alexei","Rite of passage/Panshin, Alexei,",1968,1968
212,mdp.39015013285799,Stand on Zanzibar,"Brunner, John","Stand on Zanzibar/Brunner, John,",1968,1968
213,mdp.39015024079447,The Goblin Reservation,"Simak, Clifford D.","The goblin reservation/Simak, Clifford D.,",1968,1968
214,mdp.39015011542720,The Masks of Time,"Silverberg, Robert","The masks of time/Silverberg, Robert.",1968,1983
215,uc1.32106002188628,Bug Jack Barron,"Spinrad, Norman","Bug Jack Barron/Spinrad, Norman.",1969,1969
216,uc1.32106012650088,Galactic pot-healer,"Dick, Philip K,","Galactic pot-healer/Dick, Philip K",1969,1994
217,mdp.39015013002426,Isle of the Dead,"Zelazny, Roger","The isle of the dead/Zelazny, Roger.",1969,1969
218,None,Macroscope,"Anthony, Piers",,1969,
219,pst.000058294000,Slaughterhouse-Five,"Vonnegut, Kurt",Kurt Vonnegut's Slaughterhouse-five,1969,2007
220,mdp.39015013291235,The Jagged Orbit,"Brunner, John","The jagged orbit/Brunner, John,",1969,1969
221,mdp.39015052467530,The Left Hand of Darkness,Le Guin Ursula K.,"The left hand of darkness/Le Guin, Ursula K.,",1969,1969
222,,The phoenix and the mirro,"Davidson, Avram,",,1969,
223,,Up the Line,"Silverberg, Robert",,1969,
224,mdp.39015002756073,And Chaos Died,"Russ, Joanna","And chaos died/Russ, Joanna,",1970,1978
225,,Deryni rising,"Kurtz, Katherine,",,1970,
226,None,Downward to the earth,"Silverberg, Robert,",,1970,
227,,Fourth Mansions,"Lafferty, R. A.",,1970,
228,uc1.32106012582976,Ringworld,"Niven, Larry","Ringworld/Niven, Larry",1970,1970
229,,Star Light,"Clement, Hal",,1970,
230,mdp.39015012435791,Tau zero,"Anderson, Poul,","Tau zero/Anderson, Poul,",1970,1970
231,pst.000012674534,The Steel Crocodile,"Compton, David G.","The steel crocodile/(David Guy), Compton, D. G.",1970,1980
232,mdp.39015005648749,The Year of the Quiet Sun,"Tucker, Wilson","The year of the quiet sun/Tucker, Wilson,",1970,1979
233,,Tower of Glass,"Silverberg, Robert",,1970,
234,,A Time of Changes,"Silverberg, Robert",,1971,
235,mdp.39015020724129,Dragonquest,"McCaffrey, Anne","Dragonquest/McCaffrey, Anne.",1971,1978
236,mdp.39015013518785,Gray matters,"Hjortsberg, William,","Gray matters;/Hjortsberg, William,",1971,1971
237,None,Half Past Human,"Bass, T. J.",,1971,
238,,Jack of Shadows,"Zelazny, Roger",,1971,
239,dul1.ark:/13960/t7np2v121,Looking beyond,"Geissler, Ludwig A,","Looking beyond/Geissler, Ludwig A.",1971,1891
240,uc1.b5298900,Margaret and I,"Wilhelm, Kate","A comparative study of the style of Goethe's Wilhelm Meisters theatralische sendung and Wilhelm Meisters lehrjahr/Little, Margaret.",1971,1913
241,,The Byworlder,"Anderson, Poul",,1971,
242,uc1.$b404260,The Devil is Dead,"Lafferty, R. A.","The devil is dead/Lafferty, R. A.",1971,1977
243,mdp.39015002289877,The Lathe of Heaven,Le Guin Ursula K.,"The lathe of heaven/Le Guin, Ursula K.,",1971,1971
244,mdp.49015000679887,To Your Scattered Bodies Go,"Farmer, Philip Jos","To your scattered bodies go/Farmer, Philip Jos√©.",1971,1971
245,mdp.39015015390787,A Choice of Gods,"Simak, Clifford D.","A choice of gods/Simak, Clifford D.,",1972,1971
246,,Dying Inside,"Silverberg, Robert",,1972,
247,mdp.39015010912247,The Book of Skulls,"Silverberg, Robert","The book of skulls/Silverberg, Robert.",1972,1972
248,mdp.39015020729649,The Gods Themselves,"Asimov, Isaac","The gods themselves/Asimov, Isaac,",1972,1972
249,mdp.39015008587365,The Iron Dream,"Spinrad, Norman","The iron dream/Spinrad, Norman.",1972,1977
250,mdp.39015019165045,The Sheep Look Up,"Brunner, John","The sheep look up/Brunner, John,",1972,1972
251,inu.30000082136767,The Stepford wives,"Levin, Ira,","The Stepford wives/Levin, Ira.",1972,1972
252,mdp.39015002154931,There Will Be Time,"Anderson, Poul","There will be time/Anderson, Poul,",1972,1972
253,mdp.39015022652468,What Entropy Means to Me,"Effinger, George Alec","What entropy means to me/Effinger, George Alec.",1972,1973
254,mdp.39015023544888,When HARLIE Was One,"Gerrold, David","When Harlie was one/Gerrold, David,",1972,1972
255,uc1.32106015466755,Breakfast of Champions,"Vonnegut, Kurt,","Breakfast of champions;/Vonnegut, Kurt.",1973,1973
256,mdp.39015066065254,Gravity's Rainbow,"Pynchon, Thomas","Gravity's rainbow/Pynchon, Thomas.",1973,1973
257,,Herovit's world,"Malzberg, Barry N,",,1973,
258,,Protector,"Niven, Larry",,1973,
259,uc1.32106012964117,Rendezvous with Rama,"Clarke, Arthur C.","Rendezvous with Rama/ (Arthur Charles),  Clarke, Arthur C. ",1973,1973
260,mdp.49015000682998,The Man Who Folded Himself,"Gerrold, David","The man who folded himself/Gerrold, David,",1973,1976
261,None,The People of the Wind,"Anderson, Poul",,1973,
262,mdp.39015005004877,Time Enough for Love,"Heinlein, Robert A.","Time enough for love/(Robert Anson), Heinlein, Robert A.",1973,1973
263,,334,"Disch, Thomas M.","334/Disch, Thomas M.",1974,1976
264,,Fire Time,"Anderson, Poul",,1974,
265,mdp.39015007043337,"Flow My Tears, the Policeman Said","Dick, Philip K.","Flow my tears, the policeman said/Dick, Philip K.",1974,1976
266,mdp.39015056811675,Inverted World,"Priest, Christopher","The inverted world/Priest, Christopher.",1974,1974
267,mdp.39015010418294,The Dispossessed,"Le Guin, Ursula K.","The dispossessed/Le Guin, Ursula K.,",1974,1974
268,,The Godwhale,"Bass, T. J.",,1974,
269,mdp.39015008543426,The Mote in God's Eye,"Niven, Larry, Pournelle, Jerry","The mote in God's eye/Niven, Larry.",1974,1974
270,,A Funeral for the Eyes of Fire,"Bishop, Michael",,1975,
271,uc1.32106018320967,A Midsummer Tempest,"Anderson, Poul","A midsummer tempest/Anderson, Poul,",1975,1974
272,,Autumn Angels,"Cover, Arthur Byron",,1975,
273,,Dhalgren,"Delany, Samuel R.",,1975,
274,mdp.39015034647167,Doorways in the Sand,"Zelazny, Roger","Doorways in the sand/Zelazny, Roger.",1975,1977
275,None,Guernica Night,"Malzberg, Barry N.",,1975,
276,mdp.39015006577822,Inferno,"Niven, Larry, Pournelle, Jerry","Inferno/Niven, Larry.",1975,1979
277,,Invisible Cities,"Calvino, Italo",,1975,
278,mdp.39015062115814,Ragtime,"Doctorow, E. L.","Ragtime/Doctorow, E. L.,",1975,1975
279,,The Birthgrave,"Lee, Tanith",,1975,
280,,The Computer Connection (also known as The Indian Giver),"Bester, Alfred",,1975,
281,pst.000005477456,The Embedding,"Watson, Ian","The embedding/Watson, Ian,",1975,1973
282,uc1.b4355109,The Exile Waiting,"McIntyre, Vonda N.","The exile waiting/McIntyre, Vonda N.",1975,1976
283,mdp.39015047597136,The Female Man,"Russ, Joanna","The female man/Russ, Joanna,",1975,1977
284,inu.39000002565559,The Forever War,"Haldeman, Joe","The forever war/Haldeman, Joe W.",1975,1976
285,mdp.39015040110978,The Heritage of Hastur,"Bradley, Marion Zimmer","The heritage of Hastur/Bradley, Marion Zimmer.",1975,1977
286,,The Missing Man,"MacLean, Katherine",,1975,
287,,The stochastic man,"Silverberg, Robert,",,1975,
288,mdp.39015008543418,A world out of time,"Niven, Larry,","A world out of time/Niven, Larry.",1976,1977
289,,Children of Dune,"Herbert, Frank",,1976,
290,uc1.31822034540724,Islands,"Randall, Marta","Reef and shore fishes of the Hawaiian Islands/Randall, John E.,",1976,2007
291,uc1.b3884191,Man Plus,"Pohl, Frederik","Man plus/Pohl, Frederik.",1976,1976
292,None,Mindbridge,"Haldeman, Joe",,1976,
293,mdp.39015046878727,Patternmaster,"Butler, Octavia E,","Patternmaster/Butler, Octavia E.",1976,1976
294,,Shadrach in the Furnace,"Silverberg, Robert",,1976,
295,uc1.32106008842756,Triton,"Delany, Samuel R.","Triton/Delany, Samuel R.",1976,1976
296,mdp.39015002662453,Where Late the Sweet Birds Sang,"Wilhelm, Kate","Where late the sweet birds sang/Wilhelm, Kate.",1976,1976
297,mdp.39015000244577,Woman on the edge of time,"Piercy, Marge,","Woman on the edge of time/Piercy, Marge.",1976,1976
298,uc1.32106018973146,A scanner darkly,"Dick, Philip K,","A scanner darkly/Dick, Philip K",1977,1991
299,uc1.b4430797,Cirque,"Carr, Terry","Cirque/Carr, Terry.",1977,1977
300,mdp.39015013260727,Dying of the Light,"Martin, George R. R.","Dying of the light/Martin, George R. R.",1977,1977
301,inu.39000002610124,Gateway,"Pohl, Frederik","Gateway/Pohl, Frederik.",1977,1977
302,uc1.32106002161021,In the Ocean of Night,"Benford, Gregory","In the ocean of night/Benford, Gregory,",1977,1977
303,,Lucifer's Hammer,"Niven, Larry, Pournelle, Jerry",,1977,
304,,Moonstar Odyssey,"Gerrold, David",,1977,
305,,Our lady of darkness,"Leiber, Fritz,",,1977,
306,mdp.39015056801965,Sword of The Demon,"Lupoff, Richard A.","Sword of the demon/Lupoff, Richard A.,",1977,1976
307,mdp.39015005343515,The Forbidden Tower,"Bradley, Marion Zimmer","The forbidden tower/Bradley, Marion Zimmer.",1977,1979
308,,The end of the matter,"Foster, Alan Dean,",,1977,
309,mdp.39015008437959,The power that preserves,"Donaldson, Stephen R,","The power that preserves/Donaldson, Stephen R.",1977,1977
310,,Time Storm,"Dickson, Gordon R.",,1977,
311,mdp.39015056818126,Blind Voices,"Reamy, Tom","Blind voices/Reamy, Tom.",1978,1978
312,inu.30000104227065,Colony,"Bova, Ben,","Colony/Bova, Ben,",1978,1978
313,uc1.b4951323,Dreamsnake,"McIntyre, Vonda N.","Dreamsnake/McIntyre, Vonda N",1978,1994
314,mdp.39015005516904,Kalki,"Vidal, Gore","Kalki/Vidal, Gore,",1978,1978
315,None,Shallows of night,"Lustbader, Eric,",,1978,
316,uc1.b3862874,Strangers,"Dozois, Gardner","Strangers/Dozois, Gardner R.",1978,1978
317,,The Faded Sun: Kesrith,"Cherryh, C. J.",,1978,
318,mdp.39015028704974,The White Dragon,"McCaffrey, Anne","The white dragon/McCaffrey, Anne.",1978,1978
319,,A wizard in Bedlam,"Stasheff, Christopher,",,1979,
320,mdp.39015002719980,Alongside night,"Schulman, J. Neil 1953-  ","Alongside night/Schulman, J. Neil (Joseph Neil),",1979,1979
321,pst.000018854527,Harpist in the Wind,"McKillip, Patricia A.","Harpist in the wind/McKillip, Patricia A.",1979,1980
322,,Jem,"Pohl, Frederik",,1979,
323,mdp.39015000684780,Juniper Time,"Wilhelm, Kate","Juniper time/Wilhelm, Kate.",1979,1979
324,uc1.b4951776,Macrolife,"Zebrowski, George,","Macrolife/Zebrowski, George,",1979,1979
325,mdp.39015058799936,Masters of Everon,"Dickson, Gordon R,","Masters of Everon/Dickson, Gordon R.",1979,1979
326,uc1.b4951772,On Wings of Song,"Disch, Thomas","On wings of song/Disch, Thomas M.",1979,1979
327,mdp.39015054075612,The Fountains of Paradise,"Clarke, Arthur C.","The fountains of Paradise/Clarke, Arthur C. (Arthur Charles),",1979,1979
328,mdp.39015052543298,The Road to Corlay,"Cowper, Richard","The road to Corlay/Cowper, Richard,",1979,1978
329,None,The dead zone,"King, Stephen,",,1979,
330,mdp.39015011815134,Titan,"Varley, John","Titan/Varley, John,",1979,1984
331,uc1.32106015587949,The Hitchhiker's Guide to The Galaxy,"Douglas, Adams",,1979,1980
332,mdp.49015002982867,Beyond the Blue Event Horizon,"Pohl, Frederik","Beyond the blue event horizon/Pohl, Frederik.",1980,1980
333,mdp.39015020711092,Lord Valentine's Castle,"Silverberg, Robert","Lord Valentine's castle/Silverberg, Robert.",1980,1980
334,uc1.32106005000564,Mockingbird,"Tevis, Walter, Stewart, Sean","Mockingbird/Tevis, Walter S.",1980,1980
335,,The Orphan,"Stallman, Robert",,1980,
336,inu.39000001892806,The Ringworld Engineers,"Niven, Larry","The Ringworld engineers/Niven, Larry.",1980,1980
337,mdp.39015008979778,The Shadow of the Torturer,"Wolfe, Gene","The shadow of the torturer/Wolfe, Gene.",1980,1980
338,mdp.39015005184638,The Snow Queen,"Vinge, Joan D.","The snow queen/Vinge, Joan D.",1980,1980
339,None,The last President,"Kurland, Michael,",,1980,
340,uc1.32106009996627,Timescape,"Benford, Gregory","Timescape/Benford, Gregory,",1980,1980
341,uc1.32106009095875,Wizard,"Varley, John","Wizard/Varley, John,",1980,1980
342,mdp.39015007015038,Downbelow Station,"Cherryh, C. J.","Downbelow station/Cherryh, C. J.",1981,1981
343,mdp.39015007050514,Dream Park,"Niven, Larry,","Dream Park/Niven, Larry.",1981,1981
344,mdp.39015006579224,"Little, Big","Crowley, John","Little, big/Crowley, John,",1981,1983
345,mdp.39015006577814,Oath of fealty,"Niven, Larry,","Oath of fealty/Niven, Larry.",1981,1982
346,uc1.b3860560,Project Pope,"Simak, Clifford D.","Project Pope/Simak, Clifford D.,",1981,1981
347,,Radix,"Attanasio, A. A.",,1981,
348,mdp.39015002968892,Riddley Walker,"Hoban, Russell","Riddley Walker/Hoban, Russell.",1981,1980
349,mdp.49015000753567,The Claw of the Conciliator,"Wolfe, Gene","The claw of the conciliator/Wolfe, Gene.",1981,1981
350,,The Klingon gambit,"Vardeman, Robert E,",,1981,
351,,The Vampire Tapestry,"Charnas, Suzy McKee",,1981,
352,,The entropy effect,"McIntyre, Vonda N,",,1981,
353,mdp.49015000719303,The many-colored land,"May, Julian,","The many-colored land/May, Julian.",1981,1981
354,,2010: Odyssey Two,"Clarke, Arthur C.",,1982,
355,,Battlefield earth,"Hubbard, L. Ron,",,1982,
356,,Channel's destiny,"Lorrah, Jean,",,1982,
357,mdp.39015005888105,Courtship Rite,"Kingsbury, Donald","Courtship rite/Kingsbury, Donald,",1982,1983
358,mdp.39015007068235,Foundation's Edge,"Asimov, Isaac","Foundation's edge/Asimov, Isaac,",1982,1982
359,,Friday,"Heinlein, Robert A.",,1982,
360,uc1.32106018261096,Helliconia Spring,"Aldiss, Brian","Helliconia spring/Aldiss, Brian Wilson,",1982,1982
361,pst.000021808838,No enemy but time,"Bishop, Michael,","No enemy but time/Bishop, Michael.",1982,1982
362,mdp.39015019434276,The Pride of Chanur,"Cherryh, C. J.","The pride of Chanur/Cherryh, C. J.",1982,1987
363,None,The Sword of the Lictor,"Wolfe, Gene",,1982,
364,,The Transmigration of Timothy Archer,"Dick, Philip K.",,1982,
365,mdp.39015004265453,Against Infinity,"Benford, Gregory","Against infinity/Benford, Gregory,",1983,1983
366,pst.000021759024,For love of mother-not,"Foster, Alan Dean,","For love of mother-not/Foster, Alan Dean,",1983,1993
367,mdp.39015005688661,Lyonesse,"Vance, Jack","Lyonesse/Vance, Jack,",1983,1983
368,mdp.39015005389245,Millennium,"Varley, John","Millennium/Varley, John,",1983,1983
369,,Moreta: Dragonlady of Pern,"McCaffrey, Anne",,1983,
370,inu.39000013061622,Startide Rising,"Brin, David","Startide rising/Brin, David.",1983,1985
371,,Tea with the Black Dragon,"MacAvoy, R. A.",,1983,
372,mdp.39015005310704,The Citadel of the Autarch,"Wolfe, Gene","The citadel of the autarch/Wolfe, Gene.",1983,1983
373,,The Robots of Dawn,"Asimov, Isaac",,1983,
374,uc1.b4950843,The Void Captain's Tale,"Spinrad, Norman","The Void Captain's tale/Spinrad, Norman",1983,1983
375,mdp.39015019481624,The nonborn king,"May, Julian,","The nonborn king ; The adversary/May, Julian.",1983,1984
376,None,Chanur's venture,"Cherryh, C. J,",,1984,
377,mdp.39015019407355,Emergence,"Palmer, David R.","Emergence/Palmer, David R.",1984,1990
378,,Frontera,"Shiner, Lewis",,1984,
379,uc1.32106010566989,Job: A Comedy of Justice,"Heinlein, Robert A.","Job, a comedy of justice/(Robert Anson), Heinlein, Robert A.",1984,1984
380,pst.000022355218,Neuromancer,"Gibson, William","Neuromancer/Gibson, William,",1984,1986
381,mdp.39015008096565,The Integral Trees,"Niven, Larry","The integral trees/Niven, Larry.",1984,1984
382,,The Man Who Melted,"Dann, Jack",,1984,
383,mdp.39015019815037,The Peace War,"Vinge, Vernor","The peace war/Vinge, Vernor.",1984,1984
384,mdp.39015020750835,The Wild Shore,"Robinson, Kim Stanley","The wild shore/Robinson, Kim Stanley.",1984,1984
385,,Artifact,"Benford, Gregory,",,1985,
386,mdp.39015019395782,Blood Music,"Bear, Greg","Blood music/Bear, Greg,",1985,1985
387,,Cuckoo's Egg,"Cherryh, C. J.",,1985,
388,,Dinner at Deviant's Palace,"Powers, Tim",,1985,
389,mdp.39015055883048,Ender's Game,"Card, Orson Scott","Ender's game/Card, Orson Scott.",1985,1991
390,,Footfall,"Niven, Larry, Pournelle, Jerry",,1985,
391,uc1.b3739771,Helliconia Winter,"Aldiss, Brian","Helliconia winter/Aldiss, Brian Wilson,",1985,1985
392,mdp.39015041007413,Schismatrix,"Sterling, Bruce","Schismatrix plus/Sterling, Bruce.",1985,1996
393,mdp.39015021474286,The Postman,"Brin, David","The postman/Brin, David.",1985,1985
394,None,The Remaking of Sigmund Freud,"Malzberg, Barry N.",,1985,
395,,The nick of time,"Effinger, George Alec,",,1985,
396,,Black Genesis,"Hubbard, L. Ron",,1986,
397,,Count Zero,"Gibson, William",,1986,
398,,Free Live Free,"Wolfe, Gene",,1986,
399,mdp.39015008563424,Into the out of,"Foster, Alan Dean,","The Tar-Aiym Krang/Foster, Alan Dean,",1986,1972
400,,Marooned in Realtime,"Vinge, Vernor",,1986,
401,,Speaker for the Dead,"Card, Orson Scott",,1986,
402,pst.000013408435,The Handmaid's Tale,"Atwood, Margaret","The handmaid's tale/Atwood, Margaret,",1986,1986
403,,The Journal of Nicholas the American,"Kennedy, Leigh",,1986,
404,,The Ragged Astronauts,"Shaw, Bob",,1986,
405,,The forever man,"Dickson, Gordon R,",,1986,
406,pst.000015473615,This is the Way the World Ends,"Morrow, James K.","This is the way the world ends/Morrow, James,",1986,1989
407,,Seventh Son,"Card, Orson Scott",,1987,
408,,Soldier of the Mist,"Wolfe, Gene",,1987,
409,,Strangers from the sky,"Bonanno, Margaret Wander,",,1987,
410,,The Falling Woman,"Murphy, Pat",,1987,
411,,The Forge of God,"Bear, Greg",,1987,
412,,The Uplift War,"Brin, David",,1987,
413,,The Urth of the New Sun,"Wolfe, Gene",,1987,
414,,Vergil in Averno,"Davidson, Avram",,1987,
415,,Voice of the whirlwind,"Williams, Walter Jon,",,1987,
416,pst.000061659551,When Gravity Fails,"Effinger, George Alec","When gravity fails/Effinger, George Alec.",1987,1988
417,,Cyteen,"Cherryh, C. J.",,1988,
418,,Deserted Cities of the Heart,"Shiner, Lewis",,1988,
419,None,Drowning Towers,"Turner, George",,1988,
420,uc1.32106016538131,Falling Free,"Bujold, Lois McMaster","Falling free/Bujold, Lois McMaster",1988,1988
421,mdp.39015019595399,Great Sky River,"Benford, Gregory","Great sky river/Benford, Gregory,",1988,1988
422,pst.000019919287,Islands in the Net,"Sterling, Bruce","Islands in the net/Sterling, Bruce.",1988,1989
423,mdp.39015025155139,Mona Lisa Overdrive,"Gibson, William","Mona Lisa overdrive/Gibson, William,",1988,1989
424,,Not for glory,"Rosenberg, Joel,",,1988,
425,,Red Prophet,"Card, Orson Scott",,1988,
426,,Wheel of the winds,"Engh, M. J,",,1988,
427,,A Fire in the Sun,"Effinger, George Alec",,1989,
428,,Farewell horizontal,"Jeter, K. W,",,1989,
429,,Good News From Outer Space,"Kessel, John",,1989,
430,uc1.32106010337274,Grass,"Tepper, Sheri S.","Grass/Tepper, Sheri S.",1989,1990
431,pst.000026189895,Hyperion,"Simmons, Dan","Hyperion cantos/Simmons, Dan.",1989,1990
432,,Ivory: A Legend of Past and Future,"Resnick, Mike",,1989,
433,wu.89081609992,Mutation,"Cook, Robin,","Recombination studies of mutations affecting lactose fermentation in Escherichia coli K-12/Cook, Ann.",1989,1959
434,,Power hungry,"Weinstein, Howard,",,1989,
435,None,Prentice Alvin,"Card, Orson Scott",,1989,
436,,"Sister Light, Sister Dark","Yolen, Jane",,1989,
437,mdp.49015001053280,TekWar,"Shatner, William,","TekWar/Shatner, William.",1989,1990
438,,The Boat of a Million Years,"Anderson, Poul",,1989,
439,uc1.b4361892,The Healer's War,"Scarborough, Elizabeth Ann","The healer's war/Scarborough, Elizabeth Ann.",1989,1988
440,,The stress of her regard,"Powers, Tim,",,1989,
441,,Earth,"Brin, David",,1990,
442,mdp.39015015177796,Mary Reilly,"Martin, Valerie","Mary Reilly/Martin, Valerie,",1990,1990
443,mdp.39015018454788,Only Begotten Daughter,"Morrow, James K.","Only begotten daughter/Morrow, James,",1990,1990
444,mdp.39015024891734,Pegasus in flight,"McCaffrey, Anne,","Pegasus in flight/McCaffrey, Anne.",1990,1990
445,,Queen of Angels,"Bear, Greg",,1990,
446,pst.000021664502,Redshift Rendezvous,"Stith, John E.","Redshift rendezvous/Stith, John E.",1990,1990
447,,Tehanu: The Last Book of Earthsea,Le Guin Ursula K.,,1990,
448,,The Fall of Hyperion,"Simmons, Dan",,1990,
449,,The Quiet Pools,"Kube-McDowell, Michael P.",,1990,
450,mdp.39015056469367,The vor game,"Bujold, Lois McMaster,","The vor game/Bujold, Lois McMaster.",1990,1990
451,,White Jenna,"Yolen, Jane",,1990,
452,,All the Weyrs of Pern,"McCaffrey, Anne",,1991,
453,mdp.39015056223574,Barrayar,"Bujold, Lois McMaster","Barrayar/Bujold, Lois McMaster.",1991,1991
454,,Bone Dance,"Bull, Emma",,1991,
455,,Orbital Resonance,"Barnes, John",,1991,
456,uc1.32106015381764,Stations of the Tide,"Swanwick, Michael","Stations of the tide/Swanwick, Michael",1991,1992
457,uc1.32106017218352,Synners,"Cadigan, Pat","Synners/Cadigan, Pat,",1991,1991
458,,The Difference Engine,"Sterling, Bruce, Gibson, William",,1991,
459,,The Summer Queen,"Vinge, Joan D.",,1991,
460,,Xenocide,"Card, Orson Scott",,1991,
461,,A Fire Upon the Deep,"Vinge, Vernor",,1992,
462,,A Million Open Doors,"Barnes, John",,1992,
463,,Briar Rose,"Yolen, Jane",,1992,
464,,China Mountain Zhang,"McHugh, Maureen F.",,1992,
465,mdp.39015029453845,Crystal line,"McCaffrey, Anne,","Crystal line/McCaffrey, Anne.",1992,1992
466,,Doomsday Book,"Willis, Connie",,1992,
467,None,Red Mars,"Robinson, Kim Stanley",,1992,
468,uc1.32106017384022,Sarah Canary,"Fowler, Karen Joy","Sarah Canary/Fowler, Karen Joy",1992,1998
469,uc1.32106010189048,Steel beach,"Varley, John,","Steel beach/Varley, John,",1992,1992
470,pst.000021518379,The California voodoo game,"Niven, Larry,","The California voodoo game/Niven, Larry.",1992,
471,,Assemblers of Infinity,"Anderson, Kevin J., Beason, Doug",,1993,
472,,Beggars in Spain,"Kress, Nancy",,1993,
473,mdp.49015001409755,Forward the foundation,"Asimov, Isaac,","Forward the foundation/Asimov, Isaac,",1993,1993
474,,Glory Season,"Brin, David",,1993,
475,,Green Mars,"Robinson, Kim Stanley",,1993,
476,,Hard Landing,"Budrys, Algis",,1993,
477,,Moving Mars,"Bear, Greg",,1993,
478,,Nightside the Long Sun,"Wolfe, Gene",,1993,
479,mdp.39015062115905,Virtual Light,"Gibson, William","Virtual light/Gibson, William,",1993,1993
480,,A Night in the Lonesome October,"Zelazny, Roger",,1994,
481,,Beggars and Choosers,"Kress, Nancy",,1994,
482,mdp.49015002042985,Brittle Innings,"Bishop, Michael","Brittle innings/Bishop, Michael,",1994,1994
483,mdp.39015033989818,Furious gulf,"Benford, Gregory,","Furious gulf/Benford, Gregory,",1994,1994
484,,"Gun, with Occasional Music","Lethem, Jonathan",,1994,
485,mdp.39015032813472,Hot sky at midnight,"Silverberg, Robert,","Hot sky at midnight/Silverberg, Robert.",1994,1994
486,mdp.39015056268603,Mirror Dance,"Bujold, Lois McMaster","Mirror dance/Bujold, Lois McMaster.",1994,1995
487,,Mother of Storms,"Barnes, John",,1994,
488,None,Parable of the Sower,"Butler, Octavia E.",,1994,
489,,Temporary Agency,"Pollack, Rachel",,1994,
490,mdp.49015002772946,The courtship of Princess Leia,"Wolverton, Dave,","The courtship of Princess Leia/Wolverton, Dave.",1994,1994
491,,Towing Jehovah,"Morrow, James K.",,1994,
492,,Brightness Reef,"Brin, David",,1995,
493,,Calde of the Long Sun,"Wolfe, Gene",,1995,
494,uc2.ark:/13960/t0ms3mm7b,Celestis,"Park, Paul","A descriptive catalogue of the Chinese collection, now exhibiting  at St. George's Place, Hyde Park Corner, London, with condensed accounts of the genius, government, history, literature, agriculture, arts, trade, manners, customs and social life of the people of the celestial empire/Langdon, William B.",1995,1842
495,mdp.39015034223597,Children of the Jedi,"Hambly, Barbara,","Children of the Jedi/Hambly, Barbara.",1995,1995
496,mdp.39015034512692,Darksaber,"Anderson, Kevin J.","Darksaber/Anderson, Kevin J.,",1995,1995
497,uc1.b3607433,Metropolitan,"Williams, Walter Jon","Suburban differences and metropolitan policies;/Williams, Oliver P.",1995,1965
498,,Remake,"Willis, Connie",,1995,
499,mdp.39015057976790,The Diamond Age,"Stephenson, Neal","The diamond age,[or, Young lady's illustrated primer]/Stephenson, Neal.",1995,1995
500,,The Terminal Experiment (also known as Hobson's Choice),"Sawyer, Robert J.",,1995,
501,,The Time Ships,"Baxter, Stephen",,1995,
502,,Blue Mars,"Robinson, Kim Stanley",,1996,
503,,Expiration Date,"Powers, Tim",,1996,
504,uc1.32106016178466,Holy Fire,"Sterling, Bruce","Holy fire/Sterling, Bruce",1996,1997
505,,Memory,"Bujold, Lois McMaster",,1996,
506,,Remnant Population,"Moon, Elizabeth",,1996,
507,,Slow River,"Griffith, Nicola",,1996,
508,None,Starplex,"Sawyer, Robert J.",,1996,
509,,The Silent Strength of Stones,"Hoffman, Nina Kiriki",,1996,
510,,Winter Rose,"McKillip, Patricia A.",,1996,
511,mdp.39015050507618,A Game of Thrones,"Martin, George R. R.","A game of thrones/Martin, George R. R.",1997,1996
512,,Ancient Shores,"McDevitt, Jack",,1997,
513,,Bellwether,"Willis, Connie",,1997,
514,uc1.32106013799322,City on Fire,"Williams, Walter Jon","City on fire/Williams, Walter Jon",1997,1997
515,uc1.32106018321726,Forever Peace,"Haldeman, Joe","Forever peace/Haldeman, Joe W",1997,1997
516,,Frameshift,"Sawyer, Robert J.",,1997,
517,,Jack Faust,"Swanwick, Michael",,1997,
518,,King's Dragon,"Elliott, Kate",,1997,
519,uc1.32106014065673,The Moon and the Sun,"McIntyre, Vonda N.","The moon and the sun/McIntyre, Vonda N",1997,1997
520,mdp.39015047866861,The Rise of Endymion,"Simmons, Dan","The rise of Endymion/Simmons, Dan,",1997,1997
521,mdp.39015041745277,Toward the end of time,"Updike, John,","Toward the end of time/Updike, John.",1997,1997
522,mdp.39015047717866,Brown girl in the ring,"Hopkinson, Nalo,","Brown girl in the ring/Hopkinson, Nalo.",1998,1998
523,mdp.39015047519965,Children of God,"Russell, Mary Doria","Children of God/Russell, Mary Doria,",1998,1998
524,,Darwinia,"Wilson, Robert Charles",,1998,
525,mdp.39076005405969,Distraction,"Sterling, Bruce","Distractions of peace during war/Kernek, Sterling J.",1998,1975
526,,Factoring Humanity,"Sawyer, Robert J.",,1998,
527,,How Few Remain,"Turtledove, Harry",,1998,
528,,Moonfall,"McDevitt, Jack",,1998,
529,,The Death of the Necromancer,"Wells, Martha",,1998,
530,None,The Last Hawk,"Asaro, Catherine",,1998,
531,,To Say Nothing of the Dog,"Willis, Connie",,1998,
532,mdp.39015045681882,Vision of the future,"Zahn, Timothy,","Vision of the future/Zahn, Timothy.",1998,1998
533,,A Civil Campaign,"Bujold, Lois McMaster",,1999,
534,mdp.39015046463629,A Clash of Kings,"Martin, George R. R.","A clash of kings/Martin, George R. R.",1999,1999
535,,A Deepness in the Sky,"Vinge, Vernor",,1999,
536,None,Cryptonomicon,"Stephenson, Neal",,1999,
537,,Darwin's Radio,"Bear, Greg",,1999,
538,,Harry Potter and the Prisoner of Azkaban,"Rowling, J. K.",,1999,
539,,Mission Child,"McHugh, Maureen F.",,1999,
540,,Parable of the Talents,"Butler, Octavia E.",,1999,
541,,The Cassini Division,"MacLeod, Ken",,1999,
542,mdp.39015054065951,Timeline,"Crichton, Michael,","Timeline/Crichton, Michael,",1999,1999
543,mdp.39015054095784,A Storm of Swords,"Martin, George R. R.","A storm of swords/Martin, George R. R.",2000,2000
544,,Calculating God,"Sawyer, Robert J.",,2000,
545,,Crescent City Rhapsody,"Goonan, Kathleen Ann",,2000,
546,,Forests of the Heart,"Lint, Charles de",,2000,
547,,Harry Potter and the Goblet of Fire,"Rowling, J. K.",,2000,
548,,Infinity Beach,"McDevitt, Jack",,2000,
549,,Midnight Robber,"Hopkinson, Nalo",,2000,
550,,The Sky Road,"MacLeod, Ken",,2000,
551,None,American Gods,"Gaiman, Neil",,2001,
552,,Cosmonaut Keep,"MacLeod, Ken",,2001,
553,,Declare,"Powers, Tim","The Tehran conference, the three-power declaration concerning Iran, December 1943",2001,1945
554,,Eternity's End,"Carver, Jeffrey",,2001,
555,,Mars Crossing,"Landis, Geoffrey A.",,2001,
556,mdp.39015053767052,Passage,"Willis, Connie","Passage/Willis, Connie.",2001,2001
557,,Perdido Street Station,"Miville, China",,2001,
558,,The Chronoliths,"Wilson, Robert Charles",,2001,
559,mdp.39015049524674,The Collapsium,"McCarthy, Wil","The collapsium/McCarthy, Wil.",2001,2000
560,,The Curse of Chalion,"Bujold, Lois McMaster",,2001,
561,,The Quantum Rose,"Asaro, Catherine",,2001,
562,,The Tower at Stony Wood,"McKillip, Patricia A.",,2001,
563,,Bones of the Earth,"Swanwick, Michael",,2002,
564,None,Hominids,"Sawyer, Robert J.",,2002,
565,,Kiln People (also known as Kil'n People),"Brin, David",,2002,
566,,Picoverse,"Metzger, Robert A.",,2002,
567,,Solitaire,"Eskridge, Kelley",,2002,
568,mdp.39015053391911,The Other Wind,Le Guin Ursula K.,"The other wind/Le Guin, Ursula K.,",2002,2001
569,,The Scar,"Miville, China",,2002,
570,mdp.39015054285773,The Years of Rice and Salt,"Robinson, Kim Stanley","The years of rice and salt/Robinson, Kim Stanley.",2002,2002
571,mdp.39015059964455,Blind Lake,"Wilson, Robert Charles","Blind Lake/Wilson, Robert Charles,",2003,2003
572,,Chindi,"McDevitt, Jack",,2003,
573,,Diplomatic Immunity,"Bujold, Lois McMaster",,2003,
574,uc1.c2778550,Humans,"Sawyer, Robert J.","Mechanisms of the host cell effect on human immunodeficiency virus Type 1/Sawyer, Lynette Susan Walker.",2003,1996
575,,Ilium,"Simmons, Dan",,2003,
576,,Light Music,"Goonan, Kathleen Ann",,2003,
577,,Paladin of Souls,"Bujold, Lois McMaster",,2003,
578,,Singularity Sky,"Stross, Charles",,2003,
579,mdp.39015056248365,The Mount,"Emshwiller, Carol","The mount/Emshwiller, Carol.",2003,2002
580,None,Oryx and Crake,"Atwood, Margaret",,2003,
581,,The Salt Roads,"Hopkinson, Nalo",,2003,
582,,The Speed of Dark,"Moon, Elizabeth",,2003,
583,,Cloud Atlas,"Mitchell, David",,2004,
584,,Down and Out in the Magic Kingdom,"Doctorow, Cory",,2004,
585,,Iron Council,"Miville, China",,2004,
586,,Iron Sunrise,"Stross, Charles",,2004,
587,,Jonathan Strange & Mr Norrell,"Clarke, Susanna",,2004,
588,mdp.39015058239735,Omega,"McDevitt, Jack","Omega/McDevitt, Jack.",2004,2003
589,,Perfect Circle,"Stewart, Sean",,2004,
590,,River of Gods,"McDonald, Ian",,2004,
591,None,The Algebraist,"Banks, Iain M.",,2004,
592,uc1.$b699600,The Knight,"Wolfe, Gene","The silent knight/Wolfe, Humbert,",2004,1937
593,,A Feast for Crows,"Martin, George R. R.",,2005,
594,,Accelerando,"Stross, Charles",,2005,
595,,Air,"Ryman, Geoff",,2005,
596,mdp.39015058795439,Camouflage,"Haldeman, Joe","Camouflage/Haldeman, Joe W.",2005,2004
597,inu.30000107441606,Going Postal,"Pratchett, Terry","Terry Pratchett Going postal/Briggs, Stephen,",2005,2005
598,,Learning the World,"MacLeod, Ken",,2005,
599,,Old Man's War,"Scalzi, John",,2005,
600,,Orphans of Chaos,"Wright, John C.",,2005,
601,,Polaris,"McDevitt, Jack",,2005,
602,uc1.c2936068,Spin,"Wilson, Robert Charles","Coherent transient microwave, acoustic, and nuclear interactions in electron spin resonance/Wilson, Robert John.",2005,1982
603,,Blindsight,"Watts, Peter",,2006,
604,,Eifelheim,"Flynn, Michael F.",,2006,
605,,Farthing,"Walton, Jo",,2006,
606,,From the Files of the Time Rangers,"Bowes, Richard",,2006,
607,None,Glasshouse,"Stross, Charles",,2006,
608,,His Majesty's Dragon,"Novik, Naomi",,2006,
609,,Rainbows End,"Vinge, Vernor",,2006,
610,,Seeker,"McDevitt, Jack",,2006,
611,,The Girl in the Glass,"Ford, Jeffrey",,2006,
612,,The Privilege of the Sword,"Kushner, Ellen",,2006,
613,None,To Crush the Moon,"McCarthy, Wil",,2006,
614,None,The Road,"McCarthy, Cormac",,2006,
615,,Brasyl,"McDonald, Ian",,2007,
616,,Halting State,"Stross, Charles",,2007,
617,,Odyssey,"McDevitt, Jack",,2007,
618,,Ragamuffin,"Buckell, Tobias S.",,2007,
619,,Rollback,"Sawyer, Robert J.",,2007,
620,,The Accidental Time Machine,"Haldeman, Joe",,2007,
621,,The Last Colony,"Scalzi, John",,2007,
622,,The New Moon's Arms,"Hopkinson, Nalo",,2007,
623,,The Yiddish Policemen's Union,"Chabon, Michael",,2007,
624,,Anathem,"Stephenson, Neal",,2008,
625,,Cauldron,"McDevitt, Jack",,2008,
626,,Little Brother,"Doctorow, Cory",,2008,
627,mdp.39015066900765,Making Money,"Pratchett, Terry","Making money/Pratchett, Terry.",2008,2007
628,,Powers,Le Guin Ursula K.,,2008,
629,mdp.39015082679633,Saturn's Children,"Stross, Charles","Saturn's children/Stross, Charles.",2008,2008
630,mdp.39015077638909,Superpowers,"Schwartz, David J.","Superpowers/(David John), Schwartz, David J.",2008,2008
631,,The Graveyard Book,"Gaiman, Neil",,2008,
632,,Zoe's Tale,"Scalzi, John",,2008,
633,,Boneshaker,"Priest, Cherie",,2009,
634,,Finch,"VanderMeer, Jeff",,2009,
635,,Flesh and Fire,"Gilman, Laura Anne",,2009,
636,,Julian Comstock: A Story of 22nd-Century America,"Wilson, Robert Charles",,2009,
637,,Palimpsest,"Valente, Catherynne M.",,2009,
638,None,The City & the City,"Mieville, China",,2009,
639,mdp.39015082695852,The Love We Share Without Knowing,"Barzak, Christopher","The love we share without knowing/Barzak, Christopher.",2009,2008
640,pst.000067168613,The Windup Girl,"Bacigalupi, Paolo","The windup girl/Bacigalupi, Paolo.",2009,2009
641,,Wake,"Sawyer, Robert J.","Subsonic and transonic pressure distributions around a bluff afterbody in the wake of a 120‚Å∞ cone for various separation distances/Sawyer, James Wayne.",2009,1971
642,,Blackout/All Clear,"Willis, Connie",,2010,
643,None,Cryoburn,"Bujold, Lois McMaster",,2010,
644,,Echo,"McDevitt, Jack",,2010,
645,,Feed,"Grant, Mira","List of Netherlands dollar import licenses granted during August and September 1950, for food, feed and fertilizer",2010,1950
646,,Shades of Milk and Honey,"Kowal, Mary Robinette",,2010,
647,,The Dervish House,"McDonald, Ian",,2010,
648,,The Hundred Thousand Kingdoms,"Jemisin, N. K.",,2010,
649,,The Native Star,"Hobson, M. K.",,2010,
650,,Who Fears Death,"Okorafor, Nnedi",,2010,
651,,A Dance with Dragons,"Martin, George R. R.",,2011,
652,,Among Others,"Walton, Jo",,2011,
653,,Deadline,"Grant, Mira","Grants to plan for regional educational laboratories : application deadline, September 26, 1984",2011,1984
654,None,Embassytown,"Mieville, China",,2011,
655,,Firebird,"McDevitt, Jack",,2011,
656,,God's War,"Hurley, Kameron",,2011,
657,,Leviathan Wakes,"Corey, James S. A.",,2011,
658,,Mechanique: a Tale of the Circus Tresaulti,"Valentine, Genevieve",,2011,
659,,The Kingdom of Gods,"Jemisin, N. K.",,2011,
660,,2312,"Robinson, Kim Stanley",,2012,
661,,Blackout,"Grant, Mira",,2012,
662,,Captain Vorpatril's Alliance,"Bujold, Lois McMaster",,2012,
663,None,Glamour in Glass,"Kowal, Mary Robinette",,2012,
664,,Ironskin,"Connolly, Tina",,2012,
665,,Redshirts,"Scalzi, John",,2012,
666,,The Drowning Girl,"Kiernan, Caitln R.",,2012,
667,,The Killing Moon,"Jemisin, N. K.",,2012,
668,,Throne of the Crescent Moon,"Ahmed, Saladin",,2012,
669,,A Stranger in Olondria,"Samatar, Sofia",,2013,
670,,Ancillary Justice,"Leckie, Ann",,2013,
671,,Fire with Fire,"Gannon, Charles E.",,2013,
672,,Hild,"Griffith, Nicola",,2013,
673,,Neptune's Brood,"Stross, Charles",,2013,
674,,Parasite,"Grant, Mira","Parasitism of Comandra umbellata/(George Grant), Hedgcock, George G.",2013,1915
675,,The Golem and the Jinni,"Wecker, Helene",,2013,
676,,The Ocean at the End of the Lane,"Gaiman, Neil",,2013,
677,,The Red: First Light,"Nagata, Linda",,2013,
678,,The Wheel of Time,"Jordan, Robert, Sanderson, Brandon",,2013,
679,,Warbound,"Correia, Larry",,2013,
680,,We Are All Completely Beside Ourselves,"Fowler, Karen Joy",,2013,
681,,Ancillary Sword,"Leckie, Ann",,2014,
682,None,Annihilation,"VanderMeer, Jeff",,2014,
683,None,Coming Home,"McDevitt, Jack",,2014,
684,,Skin Game,"Butcher, Jim",,2014,
685,,The Dark Between the Stars,"Anderson, Kevin J.",,2014,
686,,The Goblin Emperor,"Addison, Katherine",,2014,
687,,The Three-Body Problem,"Liu, Cixin, Liu, Ken",,2014,
688,,Trial by Fire,"Gannon, Charles E.",,2014,
689,,Ancillary Mercy,"Leckie, Ann",,2015,
690,,Barsk: The Elephants' Graveyard,"Schoen, Lawrence M.",,2015,
691,,Raising Caine,"Gannon, Charles E.",,2015,
692,,Seveneves,"Stephenson, Neal",,2015,
693,,The Cinder Spires: The Aeronaut's Windlass,"Butcher, Jim",,2015,
694,,The Fifth Season,"Jemisin, N. K.",,2015,
695,,The Grace of Kings,"Liu, Ken",,2015,
696,,Updraft,"Wilde, Fran",,2015,
697,,Uprooted,"Novik, Naomi",,2015,
698,,A Closed and Common Orbit,"Chambers, Becky",,2016,
699,,All the Birds in the Sky,"Anders, Charlie Jane",,2016,
700,,Borderline,"Baker, Mishell",,2016,
701,,Death's End,"(Chinese)[e], Cixin Liu, (translator)[e], Ken Liu",,2016,
702,,Everfair,"Shawl, Nisi",,2016,
703,None,Ninefox Gambit,"Lee, Yoon Ha",,2016,
704,,The Obelisk Gate,"Jemisin, N. K.",,2016,
705,,Too Like the Lightning,"Palmer, Ada",,2016,
706,,Amberlough,"Donnelly, Lara Elena",,2017,
707,,Autonomous,"Newitz, Annalee",,2017,
708,,Jade City,"Lee, Fonda",,2017,
709,,New York 2140,"Robinson, Kim Stanley",,2017,
710,,Provenance,"Leckie, Ann",,2017,
711,,Raven Stratagem,"Lee, Yoon Ha",,2017,
712,,Six Wakes,"Lafferty, Mur",,2017,
713,,Spoonbenders,"Gregory, Daryl",,2017,
714,,The Collapsing Empire,"Scalzi, John",,2017,
715,,The Stone Sky,"Jemisin, N. K.",,2017,
716,,The Strange Case of the Alchemist's Daughter,"Goss, Theodora",,2017,
717,,Blackfish City,"Miller, Sam J.",,2018,
718,,Record of a Spaceborn Few,"Chambers, Becky",,2018,
719,,Revenant Gun,"Lee, Yoon Ha",,2018,
720,,Space Opera,"Valente, Catherynne M.",,2018,
721,,Spinning Silver,"Novik, Naomi",,2018,
722,,The Calculating Stars,"Kowal, Mary Robinette",,2018,
723,None,The Poppy War,"Kuang, R. F.",,2018,
724,,Trail of Lightning,"Roanhorse, Rebecca",,2018,
725,,Witchmark,"Polk, C. L.",,2018,